Workbook

Sheet Вариант 1
A1: № | B1: y | C1: x1 | D1: x2
A2: 1 | B2: 9.7 | C2: 1.59 | D2: 0.25
A3: 2 | B3: 9.95 | C3: 1.26 | D3: 0.26
A4: 3 | B4: 8.4 | C4: 0.88 | D4: 0.29
A5: 4 | B5: 8.78 | C5: 1.13 | D5: 0.27
A6: 5 | B6: 10.5 | C6: 0.64 | D6: 0.24
A7: 6 | B7: 11.2 | C7: 0.59 | D7: 0.31
A8: 7 | B8: 12 | C8: 0.73 | D8: 0.27
A9: 8 | B9: 10.2 | C9: 1.34 | D9: 0.27
A10: 9 | B10: 9.67 | C10: 1.06 | D10: 0.28
A11: 10 | B11: 9.55 | C11: 1.38 | D11: 0.26
A12: 11 | B12: 10.3 | C12: 0.95 | D12: 0.23
A13: 12 | B13: 11.6 | C13: 0.86 | D13: 0.28
... A15: 14 | B15: 11.3 | C15: 1.06 | D15: 0.26

Sheet Вариант 2
A1: № | B1: y | C1: x1 | D1: x2
A2: 1 | B2: ='Вариант 1'!B2+0.2 -> 9.9 | C2: ='Вариант 1'!C2+0.2 -> 1.79 | D2: ='Вариант 1'!D2+0.2 -> 0.45
A3: 2 | B3: ='Вариант 1'!B3+0.2 -> 10.15 | C3: ='Вариант 1'!C3+0.2 -> 1.46 | D3: ='Вариант 1'!D3+0.2 -> 0.46
A4: 3 | B4: ='Вариант 1'!B4+0.2 -> 8.6 | C4: ='Вариант 1'!C4+0.2 -> 1.08 | D4: ='Вариант 1'!D4+0.2 -> 0.49
A5: 4 | B5: ='Вариант 1'!B5+0.2 -> 8.98 | C5: ='Вариант 1'!C5+0.2 -> 1.33 | D5: ='Вариант 1'!D5+0.2 -> 0.47
A6: 5 | B6: ='Вариант 1'!B6+0.2 -> 10.7 | C6: ='Вариант 1'!C6+0.2 -> 0.84 | D6: ='Вариант 1'!D6+0.2 -> 0.44
A7: 6 | B7: ='Вариант 1'!B7+0.2 -> 11.4 | C7: ='Вариант 1'!C7+0.2 -> 0.79 | D7: ='Вариант 1'!D7+0.2 -> 0.51
A8: 7 | B8: ='Вариант 1'!B8+0.2 -> 12.2 | C8: ='Вариант 1'!C8+0.2 -> 0.93 | D8: ='Вариант 1'!D8+0.2 -> 0.47
A9: 8 | B9: ='Вариант 1'!B9+0.2 -> 10.4 | C9: ='Вариант 1'!C9+0.2 -> 1.54 | D9: ='Вариант 1'!D9+0.2 -> 0.47
A10: 9 | B10: ='Вариант 1'!B10+0.2 -> 9.87 | C10: ='Вариант 1'!C10+0.2 -> 1.26 | D10: ='Вариант 1'!D10+0.2 -> 0.48
A11: 10 | B11: ='Вариант 1'!B11+0.2 -> 9.75 | C11: ='Вариант 1'!C11+0.2 -> 1.58 | D11: ='Вариант 1'!D11+0.2 -> 0.46
A12: 11 | B12: ='Вариант 1'!B12+0.2 -> 10.5 | C12: ='Вариант 1'!C12+0.2 -> 1.15 | D12: ='Вариант 1'!D12+0.2 -> 0.43
A13: 12 | B13: ='Вариант 1'!B13+0.2 -> 11.8 | C13: ='Вариант 1'!C13+0.2 -> 1.06 | D13: ='Вариант 1'!D13+0.2 -> 0.48
... A15: 14 | B15: ='Вариант 1'!B15+0.2 -> 11.5 | C15: ='Вариант 1'!C15+0.2 -> 1.26 | D15: ='Вариант 1'!D15+0.2 -> 0.46

Sheet Вариант 3
A1: № | B1: y | C1: x1 | D1: x2
A2: 1 | B2: ='Вариант 1'!B2+0.3 -> 10 | C2: ='Вариант 1'!C2+0.3 -> 1.89 | D2: ='Вариант 1'!D2+0.3 -> 0.55
A3: 2 | B3: ='Вариант 1'!B3+0.3 -> 10.25 | C3: ='Вариант 1'!C3+0.3 -> 1.56 | D3: ='Вариант 1'!D3+0.3 -> 0.56
A4: 3 | B4: ='Вариант 1'!B4+0.3 -> 8.7 | C4: ='Вариант 1'!C4+0.3 -> 1.18 | D4: ='Вариант 1'!D4+0.3 -> 0.59
A5: 4 | B5: ='Вариант 1'!B5+0.3 -> 9.08 | C5: ='Вариант 1'!C5+0.3 -> 1.43 | D5: ='Вариант 1'!D5+0.3 -> 0.57
A6: 5 | B6: ='Вариант 1'!B6+0.3 -> 10.8 | C6: ='Вариант 1'!C6+0.3 -> 0.94 | D6: ='Вариант 1'!D6+0.3 -> 0.54
A7: 6 | B7: ='Вариант 1'!B7+0.3 -> 11.5 | C7: ='Вариант 1'!C7+0.3 -> 0.89 | D7: ='Вариант 1'!D7+0.3 -> 0.61
A8: 7 | B8: ='Вариант 1'!B8+0.3 -> 12.3 | C8: ='Вариант 1'!C8+0.3 -> 1.03 | D8: ='Вариант 1'!D8+0.3 -> 0.57
A9: 8 | B9: ='Вариант 1'!B9+0.3 -> 10.5 | C9: ='Вариант 1'!C9+0.3 -> 1.64 | D9: ='Вариант 1'!D9+0.3 -> 0.57
A10: 9 | B10: ='Вариант 1'!B10+0.3 -> 9.97 | C10: ='Вариант 1'!C10+0.3 -> 1.36 | D10: ='Вариант 1'!D10+0.3 -> 0.58
A11: 10 | B11: ='Вариант 1'!B11+0.3 -> 9.85 | C11: ='Вариант 1'!C11+0.3 -> 1.68 | D11: ='Вариант 1'!D11+0.3 -> 0.56
A12: 11 | B12: ='Вариант 1'!B12+0.3 -> 10.6 | C12: ='Вариант 1'!C12+0.3 -> 1.25 | D12: ='Вариант 1'!D12+0.3 -> 0.53
A13: 12 | B13: ='Вариант 1'!B13+0.3 -> 11.9 | C13: ='Вариант 1'!C13+0.3 -> 1.16 | D13: ='Вариант 1'!D13+0.3 -> 0.58
... A15: 14 | B15: ='Вариант 1'!B15+0.3 -> 11.6 | C15: ='Вариант 1'!C15+0.3 -> 1.36 | D15: ='Вариант 1'!D15+0.3 -> 0.56

Sheet Вариант 4
A1: № | B1: y | C1: x1 | D1: x2
A2: 1 | B2: ='Вариант 1'!B2+0.4 -> 10.1 | C2: ='Вариант 1'!C2+0.4 -> 1.99 | D2: ='Вариант 1'!D2+0.4 -> 0.65
A3: 2 | B3: ='Вариант 1'!B3+0.4 -> 10.35 | C3: ='Вариант 1'!C3+0.4 -> 1.66 | D3: ='Вариант 1'!D3+0.4 -> 0.66
A4: 3 | B4: ='Вариант 1'!B4+0.4 -> 8.8 | C4: ='Вариант 1'!C4+0.4 -> 1.28 | D4: ='Вариант 1'!D4+0.4 -> 0.69
A5: 4 | B5: ='Вариант 1'!B5+0.4 -> 9.18 | C5: ='Вариант 1'!C5+0.4 -> 1.53 | D5: ='Вариант 1'!D5+0.4 -> 0.67
A6: 5 | B6: ='Вариант 1'!B6+0.4 -> 10.9 | C6: ='Вариант 1'!C6+0.4 -> 1.04 | D6: ='Вариант 1'!D6+0.4 -> 0.64
A7: 6 | B7: ='Вариант 1'!B7+0.4 -> 11.6 | C7: ='Вариант 1'!C7+0.4 -> 0.99 | D7: ='Вариант 1'!D7+0.4 -> 0.71
A8: 7 | B8: ='Вариант 1'!B8+0.4 -> 12.4 | C8: ='Вариант 1'!C8+0.4 -> 1.13 | D8: ='Вариант 1'!D8+0.4 -> 0.67
A9: 8 | B9: ='Вариант 1'!B9+0.4 -> 10.6 | C9: ='Вариант 1'!C9+0.4 -> 1.74 | D9: ='Вариант 1'!D9+0.4 -> 0.67
A10: 9 | B10: ='Вариант 1'!B10+0.4 -> 10.07 | C10: ='Вариант 1'!C10+0.4 -> 1.46 | D10: ='Вариант 1'!D10+0.4 -> 0.68
A11: 10 | B11: ='Вариант 1'!B11+0.4 -> 9.95 | C11: ='Вариант 1'!C11+0.4 -> 1.78 | D11: ='Вариант 1'!D11+0.4 -> 0.66
A12: 11 | B12: ='Вариант 1'!B12+0.4 -> 10.7 | C12: ='Вариант 1'!C12+0.4 -> 1.35 | D12: ='Вариант 1'!D12+0.4 -> 0.63
A13: 12 | B13: ='Вариант 1'!B13+0.4 -> 12 | C13: ='Вариант 1'!C13+0.4 -> 1.26 | D13: ='Вариант 1'!D13+0.4 -> 0.68
... A15: 14 | B15: ='Вариант 1'!B15+0.4 -> 11.7 | C15: ='Вариант 1'!C15+0.4 -> 1.46 | D15: ='Вариант 1'!D15+0.4 -> 0.66

Sheet Вариант 5
A1: № | B1: y | C1: x1 | D1: x2
A2: 1 | B2: ='Вариант 1'!B2+0.5 -> 10.2 | C2: ='Вариант 1'!C2+0.5 -> 2.09 | D2: ='Вариант 1'!D2+0.5 -> 0.75
A3: 2 | B3: ='Вариант 1'!B3+0.5 -> 10.45 | C3: ='Вариант 1'!C3+0.5 -> 1.76 | D3: ='Вариант 1'!D3+0.5 -> 0.76
A4: 3 | B4: ='Вариант 1'!B4+0.5 -> 8.9 | C4: ='Вариант 1'!C4+0.5 -> 1.38 | D4: ='Вариант 1'!D4+0.5 -> 0.79
A5: 4 | B5: ='Вариант 1'!B5+0.5 -> 9.28 | C5: ='Вариант 1'!C5+0.5 -> 1.63 | D5: ='Вариант 1'!D5+0.5 -> 0.77
A6: 5 | B6: ='Вариант 1'!B6+0.5 -> 11 | C6: ='Вариант 1'!C6+0.5 -> 1.14 | D6: ='Вариант 1'!D6+0.5 -> 0.74
A7: 6 | B7: ='Вариант 1'!B7+0.5 -> 11.7 | C7: ='Вариант 1'!C7+0.5 -> 1.09 | D7: ='Вариант 1'!D7+0.5 -> 0.81
A8: 7 | B8: ='Вариант 1'!B8+0.5 -> 12.5 | C8: ='Вариант 1'!C8+0.5 -> 1.23 | D8: ='Вариант 1'!D8+0.5 -> 0.77
A9: 8 | B9: ='Вариант 1'!B9+0.5 -> 10.7 | C9: ='Вариант 1'!C9+0.5 -> 1.84 | D9: ='Вариант 1'!D9+0.5 -> 0.77
A10: 9 | B10: ='Вариант 1'!B10+0.5 -> 10.17 | C10: ='Вариант 1'!C10+0.5 -> 1.56 | D10: ='Вариант 1'!D10+0.5 -> 0.78
A11: 10 | B11: ='Вариант 1'!B11+0.5 -> 10.05 | C11: ='Вариант 1'!C11+0.5 -> 1.88 | D11: ='Вариант 1'!D11+0.5 -> 0.76
A12: 11 | B12: ='Вариант 1'!B12+0.5 -> 10.8 | C12: ='Вариант 1'!C12+0.5 -> 1.45 | D12: ='Вариант 1'!D12+0.5 -> 0.73
A13: 12 | B13: ='Вариант 1'!B13+0.5 -> 12.1 | C13: ='Вариант 1'!C13+0.5 -> 1.36 | D13: ='Вариант 1'!D13+0.5 -> 0.78
... A15: 14 | B15: ='Вариант 1'!B15+0.5 -> 11.8 | C15: ='Вариант 1'!C15+0.5 -> 1.56 | D15: ='Вариант 1'!D15+0.5 -> 0.76

Sheet Вариант 6
A1: № | B1: y | C1: x1 | D1: x2
A2: 1 | B2: ='Вариант 1'!B2+0.6 -> 10.3 | C2: ='Вариант 1'!C2+0.6 -> 2.19 | D2: ='Вариант 1'!D2+0.6 -> 0.85
A3: 2 | B3: ='Вариант 1'!B3+0.6 -> 10.55 | C3: ='Вариант 1'!C3+0.6 -> 1.86 | D3: ='Вариант 1'!D3+0.6 -> 0.86
A4: 3 | B4: ='Вариант 1'!B4+0.6 -> 9 | C4: ='Вариант 1'!C4+0.6 -> 1.48 | D4: ='Вариант 1'!D4+0.6 -> 0.89
A5: 4 | B5: ='Вариант 1'!B5+0.6 -> 9.38 | C5: ='Вариант 1'!C5+0.6 -> 1.73 | D5: ='Вариант 1'!D5+0.6 -> 0.87
A6: 5 | B6: ='Вариант 1'!B6+0.6 -> 11.1 | C6: ='Вариант 1'!C6+0.6 -> 1.24 | D6: ='Вариант 1'!D6+0.6 -> 0.84
A7: 6 | B7: ='Вариант 1'!B7+0.6 -> 11.8 | C7: ='Вариант 1'!C7+0.6 -> 1.19 | D7: ='Вариант 1'!D7+0.6 -> 0.91
A8: 7 | B8: ='Вариант 1'!B8+0.6 -> 12.6 | C8: ='Вариант 1'!C8+0.6 -> 1.33 | D8: ='Вариант 1'!D8+0.6 -> 0.87
A9: 8 | B9: ='Вариант 1'!B9+0.6 -> 10.8 | C9: ='Вариант 1'!C9+0.6 -> 1.94 | D9: ='Вариант 1'!D9+0.6 -> 0.87
A10: 9 | B10: ='Вариант 1'!B10+0.6 -> 10.27 | C10: ='Вариант 1'!C10+0.6 -> 1.66 | D10: ='Вариант 1'!D10+0.6 -> 0.88
A11: 10 | B11: ='Вариант 1'!B11+0.6 -> 10.15 | C11: ='Вариант 1'!C11+0.6 -> 1.98 | D11: ='Вариант 1'!D11+0.6 -> 0.86
A12: 11 | B12: ='Вариант 1'!B12+0.6 -> 10.9 | C12: ='Вариант 1'!C12+0.6 -> 1.55 | D12: ='Вариант 1'!D12+0.6 -> 0.83
A13: 12 | B13: ='Вариант 1'!B13+0.6 -> 12.2 | C13: ='Вариант 1'!C13+0.6 -> 1.46 | D13: ='Вариант 1'!D13+0.6 -> 0.88
... A15: 14 | B15: ='Вариант 1'!B15+0.6 -> 11.9 | C15: ='Вариант 1'!C15+0.6 -> 1.66 | D15: ='Вариант 1'!D15+0.6 -> 0.86

Sheet Вариант 7
A1: № | B1: y | C1: x1 | D1: x2
A2: 1 | B2: ='Вариант 1'!B2+0.7 -> 10.4 | C2: ='Вариант 1'!C2+0.7 -> 2.29 | D2: ='Вариант 1'!D2+0.7 -> 0.95
A3: 2 | B3: ='Вариант 1'!B3+0.7 -> 10.65 | C3: ='Вариант 1'!C3+0.7 -> 1.96 | D3: ='Вариант 1'!D3+0.7 -> 0.96
A4: 3 | B4: ='Вариант 1'!B4+0.7 -> 9.1 | C4: ='Вариант 1'!C4+0.7 -> 1.58 | D4: ='Вариант 1'!D4+0.7 -> 0.99
A5: 4 | B5: ='Вариант 1'!B5+0.7 -> 9.48 | C5: ='Вариант 1'!C5+0.7 -> 1.83 | D5: ='Вариант 1'!D5+0.7 -> 0.97
A6: 5 | B6: ='Вариант 1'!B6+0.7 -> 11.2 | C6: ='Вариант 1'!C6+0.7 -> 1.34 | D6: ='Вариант 1'!D6+0.7 -> 0.94
A7: 6 | B7: ='Вариант 1'!B7+0.7 -> 11.9 | C7: ='Вариант 1'!C7+0.7 -> 1.29 | D7: ='Вариант 1'!D7+0.7 -> 1.01
A8: 7 | B8: ='Вариант 1'!B8+0.7 -> 12.7 | C8: ='Вариант 1'!C8+0.7 -> 1.43 | D8: ='Вариант 1'!D8+0.7 -> 0.97
A9: 8 | B9: ='Вариант 1'!B9+0.7 -> 10.9 | C9: ='Вариант 1'!C9+0.7 -> 2.04 | D9: ='Вариант 1'!D9+0.7 -> 0.97
A10: 9 | B10: ='Вариант 1'!B10+0.7 -> 10.37 | C10: ='Вариант 1'!C10+0.7 -> 1.76 | D10: ='Вариант 1'!D10+0.7 -> 0.98
A11: 10 | B11: ='Вариант 1'!B11+0.7 -> 10.25 | C11: ='Вариант 1'!C11+0.7 -> 2.08 | D11: ='Вариант 1'!D11+0.7 -> 0.96
A12: 11 | B12: ='Вариант 1'!B12+0.7 -> 11 | C12: ='Вариант 1'!C12+0.7 -> 1.65 | D12: ='Вариант 1'!D12+0.7 -> 0.93
A13: 12 | B13: ='Вариант 1'!B13+0.7 -> 12.3 | C13: ='Вариант 1'!C13+0.7 -> 1.56 | D13: ='Вариант 1'!D13+0.7 -> 0.98
... A15: 14 | B15: ='Вариант 1'!B15+0.7 -> 12 | C15: ='Вариант 1'!C15+0.7 -> 1.76 | D15: ='Вариант 1'!D15+0.7 -> 0.96

Sheet Вариант 8
A1: № | B1: y | C1: x1 | D1: x2
A2: 1 | B2: ='Вариант 1'!B2+0.8 -> 10.5 | C2: ='Вариант 1'!C2+0.8 -> 2.39 | D2: ='Вариант 1'!D2+0.8 -> 1.05
A3: 2 | B3: ='Вариант 1'!B3+0.8 -> 10.75 | C3: ='Вариант 1'!C3+0.8 -> 2.06 | D3: ='Вариант 1'!D3+0.8 -> 1.06
A4: 3 | B4: ='Вариант 1'!B4+0.8 -> 9.2 | C4: ='Вариант 1'!C4+0.8 -> 1.68 | D4: ='Вариант 1'!D4+0.8 -> 1.09
A5: 4 | B5: ='Вариант 1'!B5+0.8 -> 9.58 | C5: ='Вариант 1'!C5+0.8 -> 1.93 | D5: ='Вариант 1'!D5+0.8 -> 1.07
A6: 5 | B6: ='Вариант 1'!B6+0.8 -> 11.3 | C6: ='Вариант 1'!C6+0.8 -> 1.44 | D6: ='Вариант 1'!D6+0.8 -> 1.04
A7: 6 | B7: ='Вариант 1'!B7+0.8 -> 12 | C7: ='Вариант 1'!C7+0.8 -> 1.39 | D7: ='Вариант 1'!D7+0.8 -> 1.11
A8: 7 | B8: ='Вариант 1'!B8+0.8 -> 12.8 | C8: ='Вариант 1'!C8+0.8 -> 1.53 | D8: ='Вариант 1'!D8+0.8 -> 1.07
A9: 8 | B9: ='Вариант 1'!B9+0.8 -> 11 | C9: ='Вариант 1'!C9+0.8 -> 2.14 | D9: ='Вариант 1'!D9+0.8 -> 1.07
A10: 9 | B10: ='Вариант 1'!B10+0.8 -> 10.47 | C10: ='Вариант 1'!C10+0.8 -> 1.86 | D10: ='Вариант 1'!D10+0.8 -> 1.08
A11: 10 | B11: ='Вариант 1'!B11+0.8 -> 10.35 | C11: ='Вариант 1'!C11+0.8 -> 2.18 | D11: ='Вариант 1'!D11+0.8 -> 1.06
A12: 11 | B12: ='Вариант 1'!B12+0.8 -> 11.1 | C12: ='Вариант 1'!C12+0.8 -> 1.75 | D12: ='Вариант 1'!D12+0.8 -> 1.03
A13: 12 | B13: ='Вариант 1'!B13+0.8 -> 12.4 | C13: ='Вариант 1'!C13+0.8 -> 1.66 | D13: ='Вариант 1'!D13+0.8 -> 1.08
... A15: 14 | B15: ='Вариант 1'!B15+0.8 -> 12.1 | C15: ='Вариант 1'!C15+0.8 -> 1.86 | D15: ='Вариант 1'!D15+0.8 -> 1.06

Sheet Вариант 9
A1: № | B1: y | C1: x1 | D1: x2
A2: 1 | B2: ='Вариант 1'!B2+0.9 -> 10.6 | C2: ='Вариант 1'!C2+0.9 -> 2.49 | D2: ='Вариант 1'!D2+0.9 -> 1.15
A3: 2 | B3: ='Вариант 1'!B3+0.9 -> 10.85 | C3: ='Вариант 1'!C3+0.9 -> 2.16 | D3: ='Вариант 1'!D3+0.9 -> 1.16
A4: 3 | B4: ='Вариант 1'!B4+0.9 -> 9.3 | C4: ='Вариант 1'!C4+0.9 -> 1.78 | D4: ='Вариант 1'!D4+0.9 -> 1.19
A5: 4 | B5: ='Вариант 1'!B5+0.9 -> 9.68 | C5: ='Вариант 1'!C5+0.9 -> 2.03 | D5: ='Вариант 1'!D5+0.9 -> 1.17
A6: 5 | B6: ='Вариант 1'!B6+0.9 -> 11.4 | C6: ='Вариант 1'!C6+0.9 -> 1.54 | D6: ='Вариант 1'!D6+0.9 -> 1.14
A7: 6 | B7: ='Вариант 1'!B7+0.9 -> 12.1 | C7: ='Вариант 1'!C7+0.9 -> 1.49 | D7: ='Вариант 1'!D7+0.9 -> 1.21
A8: 7 | B8: ='Вариант 1'!B8+0.9 -> 12.9 | C8: ='Вариант 1'!C8+0.9 -> 1.63 | D8: ='Вариант 1'!D8+0.9 -> 1.17
A9: 8 | B9: ='Вариант 1'!B9+0.9 -> 11.1 | C9: ='Вариант 1'!C9+0.9 -> 2.24 | D9: ='Вариант 1'!D9+0.9 -> 1.17
A10: 9 | B10: ='Вариант 1'!B10+0.9 -> 10.57 | C10: ='Вариант 1'!C10+0.9 -> 1.96 | D10: ='Вариант 1'!D10+0.9 -> 1.18
A11: 10 | B11: ='Вариант 1'!B11+0.9 -> 10.45 | C11: ='Вариант 1'!C11+0.9 -> 2.28 | D11: ='Вариант 1'!D11+0.9 -> 1.16
A12: 11 | B12: ='Вариант 1'!B12+0.9 -> 11.2 | C12: ='Вариант 1'!C12+0.9 -> 1.85 | D12: ='Вариант 1'!D12+0.9 -> 1.13
A13: 12 | B13: ='Вариант 1'!B13+0.9 -> 12.5 | C13: ='Вариант 1'!C13+0.9 -> 1.76 | D13: ='Вариант 1'!D13+0.9 -> 1.18
... A15: 14 | B15: ='Вариант 1'!B15+0.9 -> 12.2 | C15: ='Вариант 1'!C15+0.9 -> 1.96 | D15: ='Вариант 1'!D15+0.9 -> 1.16

Sheet Вариант 10
A1: № | B1: y | C1: x1 | D1: x2
A2: 1 | B2: ='Вариант 1'!B2+1 -> 10.7 | C2: ='Вариант 1'!C2+1 -> 2.59 | D2: ='Вариант 1'!D2+1 -> 1.25
A3: 2 | B3: ='Вариант 1'!B3+1 -> 10.95 | C3: ='Вариант 1'!C3+1 -> 2.26 | D3: ='Вариант 1'!D3+1 -> 1.26
A4: 3 | B4: ='Вариант 1'!B4+1 -> 9.4 | C4: ='Вариант 1'!C4+1 -> 1.88 | D4: ='Вариант 1'!D4+1 -> 1.29
A5: 4 | B5: ='Вариант 1'!B5+1 -> 9.78 | C5: ='Вариант 1'!C5+1 -> 2.13 | D5: ='Вариант 1'!D5+1 -> 1.27
A6: 5 | B6: ='Вариант 1'!B6+1 -> 11.5 | C6: ='Вариант 1'!C6+1 -> 1.64 | D6: ='Вариант 1'!D6+1 -> 1.24
A7: 6 | B7: ='Вариант 1'!B7+1 -> 12.2 | C7: ='Вариант 1'!C7+1 -> 1.59 | D7: ='Вариант 1'!D7+1 -> 1.31
A8: 7 | B8: ='Вариант 1'!B8+1 -> 13 | C8: ='Вариант 1'!C8+1 -> 1.73 | D8: ='Вариант 1'!D8+1 -> 1.27
A9: 8 | B9: ='Вариант 1'!B9+1 -> 11.2 | C9: ='Вариант 1'!C9+1 -> 2.34 | D9: ='Вариант 1'!D9+1 -> 1.27
A10: 9 | B10: ='Вариант 1'!B10+1 -> 10.67 | C10: ='Вариант 1'!C10+1 -> 2.06 | D10: ='Вариант 1'!D10+1 -> 1.28
A11: 10 | B11: ='Вариант 1'!B11+1 -> 10.55 | C11: ='Вариант 1'!C11+1 -> 2.38 | D11: ='Вариант 1'!D11+1 -> 1.26
A12: 11 | B12: ='Вариант 1'!B12+1 -> 11.3 | C12: ='Вариант 1'!C12+1 -> 1.95 | D12: ='Вариант 1'!D12+1 -> 1.23
A13: 12 | B13: ='Вариант 1'!B13+1 -> 12.6 | C13: ='Вариант 1'!C13+1 -> 1.86 | D13: ='Вариант 1'!D13+1 -> 1.28
... A15: 14 | B15: ='Вариант 1'!B15+1 -> 12.3 | C15: ='Вариант 1'!C15+1 -> 2.06 | D15: ='Вариант 1'!D15+1 -> 1.26

Sheet Вариант 11
A1: № | B1: y | C1: x1 | D1: x2 | F1: x1y | G1: x1^2 | H1: y^2 | I1: y~ | K1: x2y | L1: x2^2 | M1: y~
A2: 1 | B2: ='Вариант 1'!B2+1.1 -> 10.8 | C2: ='Вариант 1'!C2+1.1 -> 2.69 | D2: ='Вариант 1'!D2+1.1 -> 1.35 | F2: =C2*B2 -> 29.052 | G2: =C2^2 -> 7.2361 | H2: =B2^2 -> 116.64 | I2: =15.19599-1.73572*C2 -> 10.526903 | K2: =D2*B2 -> 14.58 | L2: =D2^2 -> 1.8225 | M2: =7.47259+2.94324*D2 -> 11.445964
A3: 2 | B3: ='Вариант 1'!B3+1.1 -> 11.05 | C3: ='Вариант 1'!C3+1.1 -> 2.36 | D3: ='Вариант 1'!D3+1.1 -> 1.36 | F3: =C3*B3 -> 26.078 | G3: =C3^2 -> 5.5696 | H3: =B3^2 -> 122.1025 | I3: =15.19599-1.73572*C3 -> 11.099691 | K3: =D3*B3 -> 15.028 | L3: =D3^2 -> 1.8496 | M3: =7.47259+2.94324*D3 -> 11.475396
A4: 3 | B4: ='Вариант 1'!B4+1.1 -> 9.5 | C4: ='Вариант 1'!C4+1.1 -> 1.98 | D4: ='Вариант 1'!D4+1.1 -> 1.39 | F4: =C4*B4 -> 18.81 | G4: =C4^2 -> 3.9204 | H4: =B4^2 -> 90.25 | I4: =15.19599-1.73572*C4 -> 11.759264 | K4: =D4*B4 -> 13.205 | L4: =D4^2 -> 1.9321 | M4: =7.47259+2.94324*D4 -> 11.563694
A5: 4 | B5: ='Вариант 1'!B5+1.1 -> 9.88 | C5: ='Вариант 1'!C5+1.1 -> 2.23 | D5: ='Вариант 1'!D5+1.1 -> 1.37 | F5: =C5*B5 -> 22.0324 | G5: =C5^2 -> 4.9729 | H5: =B5^2 -> 97.6144 | I5: =15.19599-1.73572*C5 -> 11.325334 | K5: =D5*B5 -> 13.5356 | L5: =D5^2 -> 1.8769 | M5: =7.47259+2.94324*D5 -> 11.504829
A6: 5 | B6: ='Вариант 1'!B6+1.1 -> 11.6 | C6: ='Вариант 1'!C6+1.1 -> 1.74 | D6: ='Вариант 1'!D6+1.1 -> 1.34 | F6: =C6*B6 -> 20.184 | G6: =C6^2 -> 3.0276 | H6: =B6^2 -> 134.56 | I6: =15.19599-1.73572*C6 -> 12.175837 | K6: =D6*B6 -> 15.544 | L6: =D6^2 -> 1.7956 | M6: =7.47259+2.94324*D6 -> 11.416532
A7: 6 | B7: ='Вариант 1'!B7+1.1 -> 12.3 | C7: ='Вариант 1'!C7+1.1 -> 1.69 | D7: ='Вариант 1'!D7+1.1 -> 1.41 | F7: =C7*B7 -> 20.787 | G7: =C7^2 -> 2.8561 | H7: =B7^2 -> 151.29 | I7: =15.19599-1.73572*C7 -> 12.262623 | K7: =D7*B7 -> 17.343 | L7: =D7^2 -> 1.9881 | M7: =7.47259+2.94324*D7 -> 11.622558
A8: 7 | B8: ='Вариант 1'!B8+1.1 -> 13.1 | C8: ='Вариант 1'!C8+1.1 -> 1.83 | D8: ='Вариант 1'!D8+1.1 -> 1.37 | F8: =C8*B8 -> 23.973 | G8: =C8^2 -> 3.3489 | H8: =B8^2 -> 171.61 | I8: =15.19599-1.73572*C8 -> 12.019622 | K8: =D8*B8 -> 17.947 | L8: =D8^2 -> 1.8769 | M8: =7.47259+2.94324*D8 -> 11.504829
A9: 8 | B9: ='Вариант 1'!B9+1.1 -> 11.3 | C9: ='Вариант 1'!C9+1.1 -> 2.44 | D9: ='Вариант 1'!D9+1.1 -> 1.37 | F9: =C9*B9 -> 27.572 | G9: =C9^2 -> 5.9536 | H9: =B9^2 -> 127.69 | I9: =15.19599-1.73572*C9 -> 10.960833 | K9: =D9*B9 -> 15.481 | L9: =D9^2 -> 1.8769 | M9: =7.47259+2.94324*D9 -> 11.504829
A10: 9 | B10: ='Вариант 1'!B10+1.1 -> 10.77 | C10: ='Вариант 1'!C10+1.1 -> 2.16 | D10: ='Вариант 1'!D10+1.1 -> 1.38 | F10: =C10*B10 -> 23.2632 | G10: =C10^2 -> 4.6656 | H10: =B10^2 -> 115.9929 | I10: =15.19599-1.73572*C10 -> 11.446835 | K10: =D10*B10 -> 14.8626 | L10: =D10^2 -> 1.9044 | M10: =7.47259+2.94324*D10 -> 11.534261
A11: 10 | B11: ='Вариант 1'!B11+1.1 -> 10.65 | C11: ='Вариант 1'!C11+1.1 -> 2.48 | D11: ='Вариант 1'!D11+1.1 -> 1.36 | F11: =C11*B11 -> 26.412 | G11: =C11^2 -> 6.1504 | H11: =B11^2 -> 113.4225 | I11: =15.19599-1.73572*C11 -> 10.891404 | K11: =D11*B11 -> 14.484 | L11: =D11^2 -> 1.8496 | M11: =7.47259+2.94324*D11 -> 11.475396
A12: 11 | B12: ='Вариант 1'!B12+1.1 -> 11.4 | C12: ='Вариант 1'!C12+1.1 -> 2.05 | D12: ='Вариант 1'!D12+1.1 -> 1.33 | F12: =C12*B12 -> 23.37 | G12: =C12^2 -> 4.2025 | H12: =B12^2 -> 129.96 | I12: =15.19599-1.73572*C12 -> 11.637764 | K12: =D12*B12 -> 15.162 | L12: =D12^2 -> 1.7689 | M12: =7.47259+2.94324*D12 -> 11.387099
A13: 12 | B13: ='Вариант 1'!B13+1.1 -> 12.7 | C13: ='Вариант 1'!C13+1.1 -> 1.96 | D13: ='Вариант 1'!D13+1.1 -> 1.38 | F13: =C13*B13 -> 24.892 | G13: =C13^2 -> 3.8416 | H13: =B13^2 -> 161.29 | I13: =15.19599-1.73572*C13 -> 11.793979 | K13: =D13*B13 -> 17.526 | L13: =D13^2 -> 1.9044 | M13: =7.47259+2.94324*D13 -> 11.534261
... A15: 14 | B15: ='Вариант 1'!B15+1.1 -> 12.4 | C15: ='Вариант 1'!C15+1.1 -> 2.16 | D15: ='Вариант 1'!D15+1.1 -> 1.36 | F15: =C15*B15 -> 26.784 | G15: =C15^2 -> 4.6656 | H15: =B15^2 -> 153.76 | I15: =15.19599-1.73572*C15 -> 11.446835 | K15: =D15*B15 -> 16.864 | L15: =D15^2 -> 1.8496 | M15: =7.47259+2.94324*D15 -> 11.475396
A17: Сумма | B17: =SUM(B2:B15) -> 160.95 | C17: =SUM(C2:C15) -> 29.84 | D17: =SUM(D2:D15) -> 19.14 | F17: =SUM(F2:F15) -> 341.1546 | G17: =SUM(G2:G15) -> 64.6958 | H17: =SUM(H2:H15) -> 1868.4323 | K17: =SUM(K2:K15) -> 220.0572 | L17: =SUM(L2:L15) -> 26.1724
A18: Среднее значение | B18: =B17/14 -> 11.496429 | C18: =C17/14 -> 2.1314286 | D18: =D17/14 -> 1.3671429 | F18: =F17/14 -> 24.368186 | G18: =G17/14 -> 4.6211286 | H18: =H17/14 -> 133.45945 | K18: =K17/14 -> 15.718371 | L18: =L17/14 -> 1.8694571
F21: a1 | G21: a0 | H21: R^2 | I21: S_yx1 | J21: S_a1 | K21: t_a1 | L21: S_a0 | M21: t_a0 | N21: m_yp
F22: =(F18-C18*B18)/(G18-C18^2) -> -1.7357204 | G22: =B18-F22*C18 -> 15.195993 | H22: {=1-(SUM((B2:B15-I2:I15)^2)/SUM((B2:B15-B18)^2))} -> 0.1822704 | I22: {=SQRT(SUM((B2:B15-I2:I15)^2)/12)} -> 1.1100408 | J22: {=I22/SQRT(SUM((C2:C15-C18)^2))} -> 1.0612946 | K22: =-1.73572/1.061295 -> -1.6354736 | L22: {=I22*SQRT(G17/(14*SUM((C2:C15-C18)^2)))} -> 2.2814448 | M22: =15.19599/L22 -> 6.6606872 | N22: {=SQRT(I22*I22*(1 + 1/14+(2.6642857125-C18)^2/SUM((C2:C15-C18)^2)))} -> 1.2806308
F25: a1 | G25: a0 | H25: R^2 | I25: S_yx2 | J25: S_a1 | K25: t_a1 | L25: S_a0 | M25: t_a0 | N25: m_yp
F26: =(K18-D18*B18)/(L18-D18^2) -> 2.9432432 | G26: =B18-F26*D18 -> 7.4725946 | H26: {=1-(SUM((B2:B15-M2:M15)^2)/SUM((B2:B15-B18)^2))} -> 0.0025322501 | I26: {=SQRT(SUM((B2:B15-M2:M15)^2)/12)} -> 1.2259803 | J26: {=I26/SQRT(SUM((D2:D15-D18)^2))} -> 16.862876 | K26: =F26/J26 -> 0.17453981 | L26: {=I26*SQRT(L17/(14*SUM((D2:D15-D18)^2)))} -> 23.056289 | M26: =G26/L26 -> 0.32410222 | N26: {=SQRT(1.50303*(1+1/14+(1.7089-D18)/SUM((D2:D15-D18)^2)))} -> 9.939388

Sheet Вариант 12
A1: № | B1: y | C1: x1 | D1: x2
A2: 1 | B2: ='Вариант 1'!B2+1.2 -> 10.9 | C2: ='Вариант 1'!C2+1.2 -> 2.79 | D2: ='Вариант 1'!D2+1.2 -> 1.45
A3: 2 | B3: ='Вариант 1'!B3+1.2 -> 11.15 | C3: ='Вариант 1'!C3+1.2 -> 2.46 | D3: ='Вариант 1'!D3+1.2 -> 1.46
A4: 3 | B4: ='Вариант 1'!B4+1.2 -> 9.6 | C4: ='Вариант 1'!C4+1.2 -> 2.08 | D4: ='Вариант 1'!D4+1.2 -> 1.49
A5: 4 | B5: ='Вариант 1'!B5+1.2 -> 9.98 | C5: ='Вариант 1'!C5+1.2 -> 2.33 | D5: ='Вариант 1'!D5+1.2 -> 1.47
A6: 5 | B6: ='Вариант 1'!B6+1.2 -> 11.7 | C6: ='Вариант 1'!C6+1.2 -> 1.84 | D6: ='Вариант 1'!D6+1.2 -> 1.44
A7: 6 | B7: ='Вариант 1'!B7+1.2 -> 12.4 | C7: ='Вариант 1'!C7+1.2 -> 1.79 | D7: ='Вариант 1'!D7+1.2 -> 1.51
A8: 7 | B8: ='Вариант 1'!B8+1.2 -> 13.2 | C8: ='Вариант 1'!C8+1.2 -> 1.93 | D8: ='Вариант 1'!D8+1.2 -> 1.47
A9: 8 | B9: ='Вариант 1'!B9+1.2 -> 11.4 | C9: ='Вариант 1'!C9+1.2 -> 2.54 | D9: ='Вариант 1'!D9+1.2 -> 1.47
A10: 9 | B10: ='Вариант 1'!B10+1.2 -> 10.87 | C10: ='Вариант 1'!C10+1.2 -> 2.26 | D10: ='Вариант 1'!D10+1.2 -> 1.48
A11: 10 | B11: ='Вариант 1'!B11+1.2 -> 10.75 | C11: ='Вариант 1'!C11+1.2 -> 2.58 | D11: ='Вариант 1'!D11+1.2 -> 1.46
A12: 11 | B12: ='Вариант 1'!B12+1.2 -> 11.5 | C12: ='Вариант 1'!C12+1.2 -> 2.15 | D12: ='Вариант 1'!D12+1.2 -> 1.43
A13: 12 | B13: ='Вариант 1'!B13+1.2 -> 12.8 | C13: ='Вариант 1'!C13+1.2 -> 2.06 | D13: ='Вариант 1'!D13+1.2 -> 1.48
... A15: 14 | B15: ='Вариант 1'!B15+1.2 -> 12.5 | C15: ='Вариант 1'!C15+1.2 -> 2.26 | D15: ='Вариант 1'!D15+1.2 -> 1.46

Sheet Вариант 13
A1: № | B1: y | C1: x1 | D1: x2
A2: 1 | B2: ='Вариант 1'!B2+1.3 -> 11 | C2: ='Вариант 1'!C2+1.3 -> 2.89 | D2: ='Вариант 1'!D2+1.3 -> 1.55
A3: 2 | B3: ='Вариант 1'!B3+1.3 -> 11.25 | C3: ='Вариант 1'!C3+1.3 -> 2.56 | D3: ='Вариант 1'!D3+1.3 -> 1.56
A4: 3 | B4: ='Вариант 1'!B4+1.3 -> 9.7 | C4: ='Вариант 1'!C4+1.3 -> 2.18 | D4: ='Вариант 1'!D4+1.3 -> 1.59
A5: 4 | B5: ='Вариант 1'!B5+1.3 -> 10.08 | C5: ='Вариант 1'!C5+1.3 -> 2.43 | D5: ='Вариант 1'!D5+1.3 -> 1.57
A6: 5 | B6: ='Вариант 1'!B6+1.3 -> 11.8 | C6: ='Вариант 1'!C6+1.3 -> 1.94 | D6: ='Вариант 1'!D6+1.3 -> 1.54
A7: 6 | B7: ='Вариант 1'!B7+1.3 -> 12.5 | C7: ='Вариант 1'!C7+1.3 -> 1.89 | D7: ='Вариант 1'!D7+1.3 -> 1.61
A8: 7 | B8: ='Вариант 1'!B8+1.3 -> 13.3 | C8: ='Вариант 1'!C8+1.3 -> 2.03 | D8: ='Вариант 1'!D8+1.3 -> 1.57
A9: 8 | B9: ='Вариант 1'!B9+1.3 -> 11.5 | C9: ='Вариант 1'!C9+1.3 -> 2.64 | D9: ='Вариант 1'!D9+1.3 -> 1.57
A10: 9 | B10: ='Вариант 1'!B10+1.3 -> 10.97 | C10: ='Вариант 1'!C10+1.3 -> 2.36 | D10: ='Вариант 1'!D10+1.3 -> 1.58
A11: 10 | B11: ='Вариант 1'!B11+1.3 -> 10.85 | C11: ='Вариант 1'!C11+1.3 -> 2.68 | D11: ='Вариант 1'!D11+1.3 -> 1.56
A12: 11 | B12: ='Вариант 1'!B12+1.3 -> 11.6 | C12: ='Вариант 1'!C12+1.3 -> 2.25 | D12: ='Вариант 1'!D12+1.3 -> 1.53
A13: 12 | B13: ='Вариант 1'!B13+1.3 -> 12.9 | C13: ='Вариант 1'!C13+1.3 -> 2.16 | D13: ='Вариант 1'!D13+1.3 -> 1.58
... A15: 14 | B15: ='Вариант 1'!B15+1.3 -> 12.6 | C15: ='Вариант 1'!C15+1.3 -> 2.36 | D15: ='Вариант 1'!D15+1.3 -> 1.56

Sheet Вариант 14
A1: № | B1: y | C1: x1 | D1: x2
A2: 1 | B2: ='Вариант 1'!B2+1.4 -> 11.1 | C2: ='Вариант 1'!C2+1.4 -> 2.99 | D2: ='Вариант 1'!D2+1.4 -> 1.65
A3: 2 | B3: ='Вариант 1'!B3+1.4 -> 11.35 | C3: ='Вариант 1'!C3+1.4 -> 2.66 | D3: ='Вариант 1'!D3+1.4 -> 1.66
A4: 3 | B4: ='Вариант 1'!B4+1.4 -> 9.8 | C4: ='Вариант 1'!C4+1.4 -> 2.28 | D4: ='Вариант 1'!D4+1.4 -> 1.69
A5: 4 | B5: ='Вариант 1'!B5+1.4 -> 10.18 | C5: ='Вариант 1'!C5+1.4 -> 2.53 | D5: ='Вариант 1'!D5+1.4 -> 1.67
A6: 5 | B6: ='Вариант 1'!B6+1.4 -> 11.9 | C6: ='Вариант 1'!C6+1.4 -> 2.04 | D6: ='Вариант 1'!D6+1.4 -> 1.64
A7: 6 | B7: ='Вариант 1'!B7+1.4 -> 12.6 | C7: ='Вариант 1'!C7+1.4 -> 1.99 | D7: ='Вариант 1'!D7+1.4 -> 1.71
A8: 7 | B8: ='Вариант 1'!B8+1.4 -> 13.4 | C8: ='Вариант 1'!C8+1.4 -> 2.13 | D8: ='Вариант 1'!D8+1.4 -> 1.67
A9: 8 | B9: ='Вариант 1'!B9+1.4 -> 11.6 | C9: ='Вариант 1'!C9+1.4 -> 2.74 | D9: ='Вариант 1'!D9+1.4 -> 1.67
A10: 9 | B10: ='Вариант 1'!B10+1.4 -> 11.07 | C10: ='Вариант 1'!C10+1.4 -> 2.46 | D10: ='Вариант 1'!D10+1.4 -> 1.68
A11: 10 | B11: ='Вариант 1'!B11+1.4 -> 10.95 | C11: ='Вариант 1'!C11+1.4 -> 2.78 | D11: ='Вариант 1'!D11+1.4 -> 1.66
A12: 11 | B12: ='Вариант 1'!B12+1.4 -> 11.7 | C12: ='Вариант 1'!C12+1.4 -> 2.35 | D12: ='Вариант 1'!D12+1.4 -> 1.63
A13: 12 | B13: ='Вариант 1'!B13+1.4 -> 13 | C13: ='Вариант 1'!C13+1.4 -> 2.26 | D13: ='Вариант 1'!D13+1.4 -> 1.68
... A15: 14 | B15: ='Вариант 1'!B15+1.4 -> 12.7 | C15: ='Вариант 1'!C15+1.4 -> 2.46 | D15: ='Вариант 1'!D15+1.4 -> 1.66

Sheet Вариант 15
A1: № | B1: y | C1: x1 | D1: x2
A2: 1 | B2: ='Вариант 1'!B2+1.5 -> 11.2 | C2: ='Вариант 1'!C2+1.5 -> 3.09 | D2: ='Вариант 1'!D2+1.5 -> 1.75
A3: 2 | B3: ='Вариант 1'!B3+1.5 -> 11.45 | C3: ='Вариант 1'!C3+1.5 -> 2.76 | D3: ='Вариант 1'!D3+1.5 -> 1.76
A4: 3 | B4: ='Вариант 1'!B4+1.5 -> 9.9 | C4: ='Вариант 1'!C4+1.5 -> 2.38 | D4: ='Вариант 1'!D4+1.5 -> 1.79
A5: 4 | B5: ='Вариант 1'!B5+1.5 -> 10.28 | C5: ='Вариант 1'!C5+1.5 -> 2.63 | D5: ='Вариант 1'!D5+1.5 -> 1.77
A6: 5 | B6: ='Вариант 1'!B6+1.5 -> 12 | C6: ='Вариант 1'!C6+1.5 -> 2.14 | D6: ='Вариант 1'!D6+1.5 -> 1.74
A7: 6 | B7: ='Вариант 1'!B7+1.5 -> 12.7 | C7: ='Вариант 1'!C7+1.5 -> 2.09 | D7: ='Вариант 1'!D7+1.5 -> 1.81
A8: 7 | B8: ='Вариант 1'!B8+1.5 -> 13.5 | C8: ='Вариант 1'!C8+1.5 -> 2.23 | D8: ='Вариант 1'!D8+1.5 -> 1.77
A9: 8 | B9: ='Вариант 1'!B9+1.5 -> 11.7 | C9: ='Вариант 1'!C9+1.5 -> 2.84 | D9: ='Вариант 1'!D9+1.5 -> 1.77
A10: 9 | B10: ='Вариант 1'!B10+1.5 -> 11.17 | C10: ='Вариант 1'!C10+1.5 -> 2.56 | D10: ='Вариант 1'!D10+1.5 -> 1.78
A11: 10 | B11: ='Вариант 1'!B11+1.5 -> 11.05 | C11: ='Вариант 1'!C11+1.5 -> 2.88 | D11: ='Вариант 1'!D11+1.5 -> 1.76
A12: 11 | B12: ='Вариант 1'!B12+1.5 -> 11.8 | C12: ='Вариант 1'!C12+1.5 -> 2.45 | D12: ='Вариант 1'!D12+1.5 -> 1.73
A13: 12 | B13: ='Вариант 1'!B13+1.5 -> 13.1 | C13: ='Вариант 1'!C13+1.5 -> 2.36 | D13: ='Вариант 1'!D13+1.5 -> 1.78
... A15: 14 | B15: ='Вариант 1'!B15+1.5 -> 12.8 | C15: ='Вариант 1'!C15+1.5 -> 2.56 | D15: ='Вариант 1'!D15+1.5 -> 1.76

Sheet Вариант  16
A1: № | B1: y | C1: x1 | D1: x2
A2: 1 | B2: ='Вариант 1'!B2+1.6 -> 11.3 | C2: ='Вариант 1'!C2+1.6 -> 3.19 | D2: ='Вариант 1'!D2+1.6 -> 1.85
A3: 2 | B3: ='Вариант 1'!B3+1.6 -> 11.55 | C3: ='Вариант 1'!C3+1.6 -> 2.86 | D3: ='Вариант 1'!D3+1.6 -> 1.86
A4: 3 | B4: ='Вариант 1'!B4+1.6 -> 10 | C4: ='Вариант 1'!C4+1.6 -> 2.48 | D4: ='Вариант 1'!D4+1.6 -> 1.89
A5: 4 | B5: ='Вариант 1'!B5+1.6 -> 10.38 | C5: ='Вариант 1'!C5+1.6 -> 2.73 | D5: ='Вариант 1'!D5+1.6 -> 1.87
A6: 5 | B6: ='Вариант 1'!B6+1.6 -> 12.1 | C6: ='Вариант 1'!C6+1.6 -> 2.24 | D6: ='Вариант 1'!D6+1.6 -> 1.84
A7: 6 | B7: ='Вариант 1'!B7+1.6 -> 12.8 | C7: ='Вариант 1'!C7+1.6 -> 2.19 | D7: ='Вариант 1'!D7+1.6 -> 1.91
A8: 7 | B8: ='Вариант 1'!B8+1.6 -> 13.6 | C8: ='Вариант 1'!C8+1.6 -> 2.33 | D8: ='Вариант 1'!D8+1.6 -> 1.87
A9: 8 | B9: ='Вариант 1'!B9+1.6 -> 11.8 | C9: ='Вариант 1'!C9+1.6 -> 2.94 | D9: ='Вариант 1'!D9+1.6 -> 1.87
A10: 9 | B10: ='Вариант 1'!B10+1.6 -> 11.27 | C10: ='Вариант 1'!C10+1.6 -> 2.66 | D10: ='Вариант 1'!D10+1.6 -> 1.88
A11: 10 | B11: ='Вариант 1'!B11+1.6 -> 11.15 | C11: ='Вариант 1'!C11+1.6 -> 2.98 | D11: ='Вариант 1'!D11+1.6 -> 1.86
A12: 11 | B12: ='Вариант 1'!B12+1.6 -> 11.9 | C12: ='Вариант 1'!C12+1.6 -> 2.55 | D12: ='Вариант 1'!D12+1.6 -> 1.83
A13: 12 | B13: ='Вариант 1'!B13+1.6 -> 13.2 | C13: ='Вариант 1'!C13+1.6 -> 2.46 | D13: ='Вариант 1'!D13+1.6 -> 1.88
... A15: 14 | B15: ='Вариант 1'!B15+1.6 -> 12.9 | C15: ='Вариант 1'!C15+1.6 -> 2.66 | D15: ='Вариант 1'!D15+1.6 -> 1.86

Sheet Вариант 17
A1: № | B1: y | C1: x1 | D1: x2
A2: 1 | B2: ='Вариант 1'!B2+1.7 -> 11.4 | C2: ='Вариант 1'!C2+1.7 -> 3.29 | D2: ='Вариант 1'!D2+1.7 -> 1.95
A3: 2 | B3: ='Вариант 1'!B3+1.7 -> 11.65 | C3: ='Вариант 1'!C3+1.7 -> 2.96 | D3: ='Вариант 1'!D3+1.7 -> 1.96
A4: 3 | B4: ='Вариант 1'!B4+1.7 -> 10.1 | C4: ='Вариант 1'!C4+1.7 -> 2.58 | D4: ='Вариант 1'!D4+1.7 -> 1.99
A5: 4 | B5: ='Вариант 1'!B5+1.7 -> 10.48 | C5: ='Вариант 1'!C5+1.7 -> 2.83 | D5: ='Вариант 1'!D5+1.7 -> 1.97
A6: 5 | B6: ='Вариант 1'!B6+1.7 -> 12.2 | C6: ='Вариант 1'!C6+1.7 -> 2.34 | D6: ='Вариант 1'!D6+1.7 -> 1.94
A7: 6 | B7: ='Вариант 1'!B7+1.7 -> 12.9 | C7: ='Вариант 1'!C7+1.7 -> 2.29 | D7: ='Вариант 1'!D7+1.7 -> 2.01
A8: 7 | B8: ='Вариант 1'!B8+1.7 -> 13.7 | C8: ='Вариант 1'!C8+1.7 -> 2.43 | D8: ='Вариант 1'!D8+1.7 -> 1.97
A9: 8 | B9: ='Вариант 1'!B9+1.7 -> 11.9 | C9: ='Вариант 1'!C9+1.7 -> 3.04 | D9: ='Вариант 1'!D9+1.7 -> 1.97
A10: 9 | B10: ='Вариант 1'!B10+1.7 -> 11.37 | C10: ='Вариант 1'!C10+1.7 -> 2.76 | D10: ='Вариант 1'!D10+1.7 -> 1.98
A11: 10 | B11: ='Вариант 1'!B11+1.7 -> 11.25 | C11: ='Вариант 1'!C11+1.7 -> 3.08 | D11: ='Вариант 1'!D11+1.7 -> 1.96
A12: 11 | B12: ='Вариант 1'!B12+1.7 -> 12 | C12: ='Вариант 1'!C12+1.7 -> 2.65 | D12: ='Вариант 1'!D12+1.7 -> 1.93
A13: 12 | B13: ='Вариант 1'!B13+1.7 -> 13.3 | C13: ='Вариант 1'!C13+1.7 -> 2.56 | D13: ='Вариант 1'!D13+1.7 -> 1.98
... A15: 14 | B15: ='Вариант 1'!B15+1.7 -> 13 | C15: ='Вариант 1'!C15+1.7 -> 2.76 | D15: ='Вариант 1'!D15+1.7 -> 1.96

Sheet Вариант 18
A1: № | B1: y | C1: x1 | D1: x2
A2: 1 | B2: ='Вариант 1'!B2+1.8 -> 11.5 | C2: ='Вариант 1'!C2+1.8 -> 3.39 | D2: ='Вариант 1'!D2+1.8 -> 2.05
A3: 2 | B3: ='Вариант 1'!B3+1.8 -> 11.75 | C3: ='Вариант 1'!C3+1.8 -> 3.06 | D3: ='Вариант 1'!D3+1.8 -> 2.06
A4: 3 | B4: ='Вариант 1'!B4+1.8 -> 10.2 | C4: ='Вариант 1'!C4+1.8 -> 2.68 | D4: ='Вариант 1'!D4+1.8 -> 2.09
A5: 4 | B5: ='Вариант 1'!B5+1.8 -> 10.58 | C5: ='Вариант 1'!C5+1.8 -> 2.93 | D5: ='Вариант 1'!D5+1.8 -> 2.07
A6: 5 | B6: ='Вариант 1'!B6+1.8 -> 12.3 | C6: ='Вариант 1'!C6+1.8 -> 2.44 | D6: ='Вариант 1'!D6+1.8 -> 2.04
A7: 6 | B7: ='Вариант 1'!B7+1.8 -> 13 | C7: ='Вариант 1'!C7+1.8 -> 2.39 | D7: ='Вариант 1'!D7+1.8 -> 2.11
A8: 7 | B8: ='Вариант 1'!B8+1.8 -> 13.8 | C8: ='Вариант 1'!C8+1.8 -> 2.53 | D8: ='Вариант 1'!D8+1.8 -> 2.07
A9: 8 | B9: ='Вариант 1'!B9+1.8 -> 12 | C9: ='Вариант 1'!C9+1.8 -> 3.14 | D9: ='Вариант 1'!D9+1.8 -> 2.07
A10: 9 | B10: ='Вариант 1'!B10+1.8 -> 11.47 | C10: ='Вариант 1'!C10+1.8 -> 2.86 | D10: ='Вариант 1'!D10+1.8 -> 2.08
A11: 10 | B11: ='Вариант 1'!B11+1.8 -> 11.35 | C11: ='Вариант 1'!C11+1.8 -> 3.18 | D11: ='Вариант 1'!D11+1.8 -> 2.06
A12: 11 | B12: ='Вариант 1'!B12+1.8 -> 12.1 | C12: ='Вариант 1'!C12+1.8 -> 2.75 | D12: ='Вариант 1'!D12+1.8 -> 2.03
A13: 12 | B13: ='Вариант 1'!B13+1.8 -> 13.4 | C13: ='Вариант 1'!C13+1.8 -> 2.66 | D13: ='Вариант 1'!D13+1.8 -> 2.08
... A15: 14 | B15: ='Вариант 1'!B15+1.8 -> 13.1 | C15: ='Вариант 1'!C15+1.8 -> 2.86 | D15: ='Вариант 1'!D15+1.8 -> 2.06

Sheet Вариант 19
A1: № | B1: y | C1: x1 | D1: x2
A2: 1 | B2: ='Вариант 1'!B2+1.9 -> 11.6 | C2: ='Вариант 1'!C2+1.9 -> 3.49 | D2: ='Вариант 1'!D2+1.9 -> 2.15
A3: 2 | B3: ='Вариант 1'!B3+1.9 -> 11.85 | C3: ='Вариант 1'!C3+1.9 -> 3.16 | D3: ='Вариант 1'!D3+1.9 -> 2.16
A4: 3 | B4: ='Вариант 1'!B4+1.9 -> 10.3 | C4: ='Вариант 1'!C4+1.9 -> 2.78 | D4: ='Вариант 1'!D4+1.9 -> 2.19
A5: 4 | B5: ='Вариант 1'!B5+1.9 -> 10.68 | C5: ='Вариант 1'!C5+1.9 -> 3.03 | D5: ='Вариант 1'!D5+1.9 -> 2.17
A6: 5 | B6: ='Вариант 1'!B6+1.9 -> 12.4 | C6: ='Вариант 1'!C6+1.9 -> 2.54 | D6: ='Вариант 1'!D6+1.9 -> 2.14
A7: 6 | B7: ='Вариант 1'!B7+1.9 -> 13.1 | C7: ='Вариант 1'!C7+1.9 -> 2.49 | D7: ='Вариант 1'!D7+1.9 -> 2.21
A8: 7 | B8: ='Вариант 1'!B8+1.9 -> 13.9 | C8: ='Вариант 1'!C8+1.9 -> 2.63 | D8: ='Вариант 1'!D8+1.9 -> 2.17
A9: 8 | B9: ='Вариант 1'!B9+1.9 -> 12.1 | C9: ='Вариант 1'!C9+1.9 -> 3.24 | D9: ='Вариант 1'!D9+1.9 -> 2.17
A10: 9 | B10: ='Вариант 1'!B10+1.9 -> 11.57 | C10: ='Вариант 1'!C10+1.9 -> 2.96 | D10: ='Вариант 1'!D10+1.9 -> 2.18
A11: 10 | B11: ='Вариант 1'!B11+1.9 -> 11.45 | C11: ='Вариант 1'!C11+1.9 -> 3.28 | D11: ='Вариант 1'!D11+1.9 -> 2.16
A12: 11 | B12: ='Вариант 1'!B12+1.9 -> 12.2 | C12: ='Вариант 1'!C12+1.9 -> 2.85 | D12: ='Вариант 1'!D12+1.9 -> 2.13
A13: 12 | B13: ='Вариант 1'!B13+1.9 -> 13.5 | C13: ='Вариант 1'!C13+1.9 -> 2.76 | D13: ='Вариант 1'!D13+1.9 -> 2.18
... A15: 14 | B15: ='Вариант 1'!B15+1.9 -> 13.2 | C15: ='Вариант 1'!C15+1.9 -> 2.96 | D15: ='Вариант 1'!D15+1.9 -> 2.16

Sheet Вариант 20
A1: № | B1: y | C1: x1 | D1: x2
A2: 1 | B2: ='Вариант 1'!B2+2 -> 11.7 | C2: ='Вариант 1'!C2+2 -> 3.59 | D2: ='Вариант 1'!D2+2 -> 2.25
A3: 2 | B3: ='Вариант 1'!B3+2 -> 11.95 | C3: ='Вариант 1'!C3+2 -> 3.26 | D3: ='Вариант 1'!D3+2 -> 2.26
A4: 3 | B4: ='Вариант 1'!B4+2 -> 10.4 | C4: ='Вариант 1'!C4+2 -> 2.88 | D4: ='Вариант 1'!D4+2 -> 2.29
A5: 4 | B5: ='Вариант 1'!B5+2 -> 10.78 | C5: ='Вариант 1'!C5+2 -> 3.13 | D5: ='Вариант 1'!D5+2 -> 2.27
A6: 5 | B6: ='Вариант 1'!B6+2 -> 12.5 | C6: ='Вариант 1'!C6+2 -> 2.64 | D6: ='Вариант 1'!D6+2 -> 2.24
A7: 6 | B7: ='Вариант 1'!B7+2 -> 13.2 | C7: ='Вариант 1'!C7+2 -> 2.59 | D7: ='Вариант 1'!D7+2 -> 2.31
A8: 7 | B8: ='Вариант 1'!B8+2 -> 14 | C8: ='Вариант 1'!C8+2 -> 2.73 | D8: ='Вариант 1'!D8+2 -> 2.27
A9: 8 | B9: ='Вариант 1'!B9+2 -> 12.2 | C9: ='Вариант 1'!C9+2 -> 3.34 | D9: ='Вариант 1'!D9+2 -> 2.27
A10: 9 | B10: ='Вариант 1'!B10+2 -> 11.67 | C10: ='Вариант 1'!C10+2 -> 3.06 | D10: ='Вариант 1'!D10+2 -> 2.28
A11: 10 | B11: ='Вариант 1'!B11+2 -> 11.55 | C11: ='Вариант 1'!C11+2 -> 3.38 | D11: ='Вариант 1'!D11+2 -> 2.26
A12: 11 | B12: ='Вариант 1'!B12+2 -> 12.3 | C12: ='Вариант 1'!C12+2 -> 2.95 | D12: ='Вариант 1'!D12+2 -> 2.23
A13: 12 | B13: ='Вариант 1'!B13+2 -> 13.6 | C13: ='Вариант 1'!C13+2 -> 2.86 | D13: ='Вариант 1'!D13+2 -> 2.28
... A15: 14 | B15: ='Вариант 1'!B15+2 -> 13.3 | C15: ='Вариант 1'!C15+2 -> 3.06 | D15: ='Вариант 1'!D15+2 -> 2.26

Sheet Вариант 21
A1: № | B1: y | C1: x1 | D1: x2
A2: 1 | B2: ='Вариант 1'!B2+2.1 -> 11.8 | C2: ='Вариант 1'!C2+2.1 -> 3.69 | D2: ='Вариант 1'!D2+2.1 -> 2.35
A3: 2 | B3: ='Вариант 1'!B3+2.1 -> 12.05 | C3: ='Вариант 1'!C3+2.1 -> 3.36 | D3: ='Вариант 1'!D3+2.1 -> 2.36
A4: 3 | B4: ='Вариант 1'!B4+2.1 -> 10.5 | C4: ='Вариант 1'!C4+2.1 -> 2.98 | D4: ='Вариант 1'!D4+2.1 -> 2.39
A5: 4 | B5: ='Вариант 1'!B5+2.1 -> 10.88 | C5: ='Вариант 1'!C5+2.1 -> 3.23 | D5: ='Вариант 1'!D5+2.1 -> 2.37
A6: 5 | B6: ='Вариант 1'!B6+2.1 -> 12.6 | C6: ='Вариант 1'!C6+2.1 -> 2.74 | D6: ='Вариант 1'!D6+2.1 -> 2.34
A7: 6 | B7: ='Вариант 1'!B7+2.1 -> 13.3 | C7: ='Вариант 1'!C7+2.1 -> 2.69 | D7: ='Вариант 1'!D7+2.1 -> 2.41
A8: 7 | B8: ='Вариант 1'!B8+2.1 -> 14.1 | C8: ='Вариант 1'!C8+2.1 -> 2.83 | D8: ='Вариант 1'!D8+2.1 -> 2.37
A9: 8 | B9: ='Вариант 1'!B9+2.1 -> 12.3 | C9: ='Вариант 1'!C9+2.1 -> 3.44 | D9: ='Вариант 1'!D9+2.1 -> 2.37
A10: 9 | B10: ='Вариант 1'!B10+2.1 -> 11.77 | C10: ='Вариант 1'!C10+2.1 -> 3.16 | D10: ='Вариант 1'!D10+2.1 -> 2.38
A11: 10 | B11: ='Вариант 1'!B11+2.1 -> 11.65 | C11: ='Вариант 1'!C11+2.1 -> 3.48 | D11: ='Вариант 1'!D11+2.1 -> 2.36
A12: 11 | B12: ='Вариант 1'!B12+2.1 -> 12.4 | C12: ='Вариант 1'!C12+2.1 -> 3.05 | D12: ='Вариант 1'!D12+2.1 -> 2.33
A13: 12 | B13: ='Вариант 1'!B13+2.1 -> 13.7 | C13: ='Вариант 1'!C13+2.1 -> 2.96 | D13: ='Вариант 1'!D13+2.1 -> 2.38
... A15: 14 | B15: ='Вариант 1'!B15+2.1 -> 13.4 | C15: ='Вариант 1'!C15+2.1 -> 3.16 | D15: ='Вариант 1'!D15+2.1 -> 2.36

Sheet Вариант 22
A1: № | B1: y | C1: x1 | D1: x2
A2: 1 | B2: ='Вариант 1'!B2+2.2 -> 11.9 | C2: ='Вариант 1'!C2+2.2 -> 3.79 | D2: ='Вариант 1'!D2+2.2 -> 2.45
A3: 2 | B3: ='Вариант 1'!B3+2.2 -> 12.15 | C3: ='Вариант 1'!C3+2.2 -> 3.46 | D3: ='Вариант 1'!D3+2.2 -> 2.46
A4: 3 | B4: ='Вариант 1'!B4+2.2 -> 10.6 | C4: ='Вариант 1'!C4+2.2 -> 3.08 | D4: ='Вариант 1'!D4+2.2 -> 2.49
A5: 4 | B5: ='Вариант 1'!B5+2.2 -> 10.98 | C5: ='Вариант 1'!C5+2.2 -> 3.33 | D5: ='Вариант 1'!D5+2.2 -> 2.47
A6: 5 | B6: ='Вариант 1'!B6+2.2 -> 12.7 | C6: ='Вариант 1'!C6+2.2 -> 2.84 | D6: ='Вариант 1'!D6+2.2 -> 2.44
A7: 6 | B7: ='Вариант 1'!B7+2.2 -> 13.4 | C7: ='Вариант 1'!C7+2.2 -> 2.79 | D7: ='Вариант 1'!D7+2.2 -> 2.51
A8: 7 | B8: ='Вариант 1'!B8+2.2 -> 14.2 | C8: ='Вариант 1'!C8+2.2 -> 2.93 | D8: ='Вариант 1'!D8+2.2 -> 2.47
A9: 8 | B9: ='Вариант 1'!B9+2.2 -> 12.4 | C9: ='Вариант 1'!C9+2.2 -> 3.54 | D9: ='Вариант 1'!D9+2.2 -> 2.47
A10: 9 | B10: ='Вариант 1'!B10+2.2 -> 11.87 | C10: ='Вариант 1'!C10+2.2 -> 3.26 | D10: ='Вариант 1'!D10+2.2 -> 2.48
A11: 10 | B11: ='Вариант 1'!B11+2.2 -> 11.75 | C11: ='Вариант 1'!C11+2.2 -> 3.58 | D11: ='Вариант 1'!D11+2.2 -> 2.46
A12: 11 | B12: ='Вариант 1'!B12+2.2 -> 12.5 | C12: ='Вариант 1'!C12+2.2 -> 3.15 | D12: ='Вариант 1'!D12+2.2 -> 2.43
A13: 12 | B13: ='Вариант 1'!B13+2.2 -> 13.8 | C13: ='Вариант 1'!C13+2.2 -> 3.06 | D13: ='Вариант 1'!D13+2.2 -> 2.48
... A15: 14 | B15: ='Вариант 1'!B15+2.2 -> 13.5 | C15: ='Вариант 1'!C15+2.2 -> 3.26 | D15: ='Вариант 1'!D15+2.2 -> 2.46

Sheet Вариант 23
A1: № | B1: y | C1: x1 | D1: x2
A2: 1 | B2: ='Вариант 1'!B2+2.3 -> 12 | C2: ='Вариант 1'!C2+2.3 -> 3.89 | D2: ='Вариант 1'!D2+2.3 -> 2.55
A3: 2 | B3: ='Вариант 1'!B3+2.3 -> 12.25 | C3: ='Вариант 1'!C3+2.3 -> 3.56 | D3: ='Вариант 1'!D3+2.3 -> 2.56
A4: 3 | B4: ='Вариант 1'!B4+2.3 -> 10.7 | C4: ='Вариант 1'!C4+2.3 -> 3.18 | D4: ='Вариант 1'!D4+2.3 -> 2.59
A5: 4 | B5: ='Вариант 1'!B5+2.3 -> 11.08 | C5: ='Вариант 1'!C5+2.3 -> 3.43 | D5: ='Вариант 1'!D5+2.3 -> 2.57
A6: 5 | B6: ='Вариант 1'!B6+2.3 -> 12.8 | C6: ='Вариант 1'!C6+2.3 -> 2.94 | D6: ='Вариант 1'!D6+2.3 -> 2.54
A7: 6 | B7: ='Вариант 1'!B7+2.3 -> 13.5 | C7: ='Вариант 1'!C7+2.3 -> 2.89 | D7: ='Вариант 1'!D7+2.3 -> 2.61
A8: 7 | B8: ='Вариант 1'!B8+2.3 -> 14.3 | C8: ='Вариант 1'!C8+2.3 -> 3.03 | D8: ='Вариант 1'!D8+2.3 -> 2.57
A9: 8 | B9: ='Вариант 1'!B9+2.3 -> 12.5 | C9: ='Вариант 1'!C9+2.3 -> 3.64 | D9: ='Вариант 1'!D9+2.3 -> 2.57
A10: 9 | B10: ='Вариант 1'!B10+2.3 -> 11.97 | C10: ='Вариант 1'!C10+2.3 -> 3.36 | D10: ='Вариант 1'!D10+2.3 -> 2.58
A11: 10 | B11: ='Вариант 1'!B11+2.3 -> 11.85 | C11: ='Вариант 1'!C11+2.3 -> 3.68 | D11: ='Вариант 1'!D11+2.3 -> 2.56
A12: 11 | B12: ='Вариант 1'!B12+2.3 -> 12.6 | C12: ='Вариант 1'!C12+2.3 -> 3.25 | D12: ='Вариант 1'!D12+2.3 -> 2.53
A13: 12 | B13: ='Вариант 1'!B13+2.3 -> 13.9 | C13: ='Вариант 1'!C13+2.3 -> 3.16 | D13: ='Вариант 1'!D13+2.3 -> 2.58
... A15: 14 | B15: ='Вариант 1'!B15+2.3 -> 13.6 | C15: ='Вариант 1'!C15+2.3 -> 3.36 | D15: ='Вариант 1'!D15+2.3 -> 2.56

Sheet Вариант 24
A1: № | B1: y | C1: x1 | D1: x2
A2: 1 | B2: ='Вариант 1'!B2+2.4 -> 12.1 | C2: ='Вариант 1'!C2+2.4 -> 3.99 | D2: ='Вариант 1'!D2+2.4 -> 2.65
A3: 2 | B3: ='Вариант 1'!B3+2.4 -> 12.35 | C3: ='Вариант 1'!C3+2.4 -> 3.66 | D3: ='Вариант 1'!D3+2.4 -> 2.66
A4: 3 | B4: ='Вариант 1'!B4+2.4 -> 10.8 | C4: ='Вариант 1'!C4+2.4 -> 3.28 | D4: ='Вариант 1'!D4+2.4 -> 2.69
A5: 4 | B5: ='Вариант 1'!B5+2.4 -> 11.18 | C5: ='Вариант 1'!C5+2.4 -> 3.53 | D5: ='Вариант 1'!D5+2.4 -> 2.67
A6: 5 | B6: ='Вариант 1'!B6+2.4 -> 12.9 | C6: ='Вариант 1'!C6+2.4 -> 3.04 | D6: ='Вариант 1'!D6+2.4 -> 2.64
A7: 6 | B7: ='Вариант 1'!B7+2.4 -> 13.6 | C7: ='Вариант 1'!C7+2.4 -> 2.99 | D7: ='Вариант 1'!D7+2.4 -> 2.71
A8: 7 | B8: ='Вариант 1'!B8+2.4 -> 14.4 | C8: ='Вариант 1'!C8+2.4 -> 3.13 | D8: ='Вариант 1'!D8+2.4 -> 2.67
A9: 8 | B9: ='Вариант 1'!B9+2.4 -> 12.6 | C9: ='Вариант 1'!C9+2.4 -> 3.74 | D9: ='Вариант 1'!D9+2.4 -> 2.67
A10: 9 | B10: ='Вариант 1'!B10+2.4 -> 12.07 | C10: ='Вариант 1'!C10+2.4 -> 3.46 | D10: ='Вариант 1'!D10+2.4 -> 2.68
A11: 10 | B11: ='Вариант 1'!B11+2.4 -> 11.95 | C11: ='Вариант 1'!C11+2.4 -> 3.78 | D11: ='Вариант 1'!D11+2.4 -> 2.66
A12: 11 | B12: ='Вариант 1'!B12+2.4 -> 12.7 | C12: ='Вариант 1'!C12+2.4 -> 3.35 | D12: ='Вариант 1'!D12+2.4 -> 2.63
A13: 12 | B13: ='Вариант 1'!B13+2.4 -> 14 | C13: ='Вариант 1'!C13+2.4 -> 3.26 | D13: ='Вариант 1'!D13+2.4 -> 2.68
... A15: 14 | B15: ='Вариант 1'!B15+2.4 -> 13.7 | C15: ='Вариант 1'!C15+2.4 -> 3.46 | D15: ='Вариант 1'!D15+2.4 -> 2.66

Sheet Вариант 25
A1: № | B1: y | C1: x1 | D1: x2
A2: 1 | B2: ='Вариант 1'!B2+2.5 -> 12.2 | C2: ='Вариант 1'!C2+2.5 -> 4.09 | D2: ='Вариант 1'!D2+2.5 -> 2.75
A3: 2 | B3: ='Вариант 1'!B3+2.5 -> 12.45 | C3: ='Вариант 1'!C3+2.5 -> 3.76 | D3: ='Вариант 1'!D3+2.5 -> 2.76
A4: 3 | B4: ='Вариант 1'!B4+2.5 -> 10.9 | C4: ='Вариант 1'!C4+2.5 -> 3.38 | D4: ='Вариант 1'!D4+2.5 -> 2.79
A5: 4 | B5: ='Вариант 1'!B5+2.5 -> 11.28 | C5: ='Вариант 1'!C5+2.5 -> 3.63 | D5: ='Вариант 1'!D5+2.5 -> 2.77
A6: 5 | B6: ='Вариант 1'!B6+2.5 -> 13 | C6: ='Вариант 1'!C6+2.5 -> 3.14 | D6: ='Вариант 1'!D6+2.5 -> 2.74
A7: 6 | B7: ='Вариант 1'!B7+2.5 -> 13.7 | C7: ='Вариант 1'!C7+2.5 -> 3.09 | D7: ='Вариант 1'!D7+2.5 -> 2.81
A8: 7 | B8: ='Вариант 1'!B8+2.5 -> 14.5 | C8: ='Вариант 1'!C8+2.5 -> 3.23 | D8: ='Вариант 1'!D8+2.5 -> 2.77
A9: 8 | B9: ='Вариант 1'!B9+2.5 -> 12.7 | C9: ='Вариант 1'!C9+2.5 -> 3.84 | D9: ='Вариант 1'!D9+2.5 -> 2.77
A10: 9 | B10: ='Вариант 1'!B10+2.5 -> 12.17 | C10: ='Вариант 1'!C10+2.5 -> 3.56 | D10: ='Вариант 1'!D10+2.5 -> 2.78
A11: 10 | B11: ='Вариант 1'!B11+2.5 -> 12.05 | C11: ='Вариант 1'!C11+2.5 -> 3.88 | D11: ='Вариант 1'!D11+2.5 -> 2.76
A12: 11 | B12: ='Вариант 1'!B12+2.5 -> 12.8 | C12: ='Вариант 1'!C12+2.5 -> 3.45 | D12: ='Вариант 1'!D12+2.5 -> 2.73
A13: 12 | B13: ='Вариант 1'!B13+2.5 -> 14.1 | C13: ='Вариант 1'!C13+2.5 -> 3.36 | D13: ='Вариант 1'!D13+2.5 -> 2.78
... A15: 14 | B15: ='Вариант 1'!B15+2.5 -> 13.8 | C15: ='Вариант 1'!C15+2.5 -> 3.56 | D15: ='Вариант 1'!D15+2.5 -> 2.76

Sheet Вариант 26
A1: № | B1: y | C1: x1 | D1: x2
A2: 1 | B2: ='Вариант 1'!B2+2.6 -> 12.3 | C2: ='Вариант 1'!C2+2.6 -> 4.19 | D2: ='Вариант 1'!D2+2.6 -> 2.85
A3: 2 | B3: ='Вариант 1'!B3+2.6 -> 12.55 | C3: ='Вариант 1'!C3+2.6 -> 3.86 | D3: ='Вариант 1'!D3+2.6 -> 2.86
A4: 3 | B4: ='Вариант 1'!B4+2.6 -> 11 | C4: ='Вариант 1'!C4+2.6 -> 3.48 | D4: ='Вариант 1'!D4+2.6 -> 2.89
A5: 4 | B5: ='Вариант 1'!B5+2.6 -> 11.38 | C5: ='Вариант 1'!C5+2.6 -> 3.73 | D5: ='Вариант 1'!D5+2.6 -> 2.87
A6: 5 | B6: ='Вариант 1'!B6+2.6 -> 13.1 | C6: ='Вариант 1'!C6+2.6 -> 3.24 | D6: ='Вариант 1'!D6+2.6 -> 2.84
A7: 6 | B7: ='Вариант 1'!B7+2.6 -> 13.8 | C7: ='Вариант 1'!C7+2.6 -> 3.19 | D7: ='Вариант 1'!D7+2.6 -> 2.91
A8: 7 | B8: ='Вариант 1'!B8+2.6 -> 14.6 | C8: ='Вариант 1'!C8+2.6 -> 3.33 | D8: ='Вариант 1'!D8+2.6 -> 2.87
A9: 8 | B9: ='Вариант 1'!B9+2.6 -> 12.8 | C9: ='Вариант 1'!C9+2.6 -> 3.94 | D9: ='Вариант 1'!D9+2.6 -> 2.87
A10: 9 | B10: ='Вариант 1'!B10+2.6 -> 12.27 | C10: ='Вариант 1'!C10+2.6 -> 3.66 | D10: ='Вариант 1'!D10+2.6 -> 2.88
A11: 10 | B11: ='Вариант 1'!B11+2.6 -> 12.15 | C11: ='Вариант 1'!C11+2.6 -> 3.98 | D11: ='Вариант 1'!D11+2.6 -> 2.86
A12: 11 | B12: ='Вариант 1'!B12+2.6 -> 12.9 | C12: ='Вариант 1'!C12+2.6 -> 3.55 | D12: ='Вариант 1'!D12+2.6 -> 2.83
A13: 12 | B13: ='Вариант 1'!B13+2.6 -> 14.2 | C13: ='Вариант 1'!C13+2.6 -> 3.46 | D13: ='Вариант 1'!D13+2.6 -> 2.88
... A15: 14 | B15: ='Вариант 1'!B15+2.6 -> 13.9 | C15: ='Вариант 1'!C15+2.6 -> 3.66 | D15: ='Вариант 1'!D15+2.6 -> 2.86
